"ID";"Type";"Keywords (ILJ)";"Title";"Url"
"21319";"post";"без,упаковки,при,холодильник,переезде,перевезти";"как перевезти холодильник без упаковки при переезде";"https://expluataciya-holodilnika.ru/voprosy-i-otvety-po-ekspluatatsii-holodilnika/kak-perevezti-holodilnik-bez-upakovki-pri-pereezde/"
"21305";"post";"термопакетом,пользоваться,правильно";"как правильно пользоваться термопакетом";"https://expluataciya-holodilnika.ru/voprosy-i-otvety-po-ekspluatatsii-holodilnika/kak-pravilno-polzovatsya-termopaketom/"
"21300";"post";"понять,шампиньоны,холодильнике,что,испортились,в";"как понять что шампиньоны испортились в холодильнике";"https://expluataciya-holodilnika.ru/produkty/shampinony/kak-ponyat-chto-shampinony-isportilis-v-holodilnike/"
"21297";"post";"огурцы,хранить,холодильнике,свежие,правильно,в";"как хранить свежие огурцы в холодильнике правильно";"https://expluataciya-holodilnika.ru/produkty/ogurczy/kak-hranit-svezhie-ogurtsy-v-holodilnike-pravilno/"
"21291";"post";"домашних,роллов,в,каков,суши,хранения,и,условиях,срок";"каков срок хранения роллов и суши в домашних условиях";"https://expluataciya-holodilnika.ru/voprosy-i-otvety-po-ekspluatatsii-holodilnika/kakov-srok-hraneniya-rollov-i-sushi-v-domashnih-usloviyah/"
"21319";"post";"без,упаковки,при,холодильник,переезде,перевезти";"как перевезти холодильник без упаковки при переезде";"https://expluataciya-holodilnika.ru/voprosy-i-otvety-po-ekspluatatsii-holodilnika/kak-perevezti-holodilnik-bez-upakovki-pri-pereezde/"
"21305";"post";"термопакетом,пользоваться,правильно";"как правильно пользоваться термопакетом";"https://expluataciya-holodilnika.ru/voprosy-i-otvety-po-ekspluatatsii-holodilnika/kak-pravilno-polzovatsya-termopaketom/"
"21300";"post";"понять,шампиньоны,холодильнике,что,испортились,в";"как понять что шампиньоны испортились в холодильнике";"https://expluataciya-holodilnika.ru/produkty/shampinony/kak-ponyat-chto-shampinony-isportilis-v-holodilnike/"
"21297";"post";"огурцы,хранить,холодильнике,свежие,правильно,в";"как хранить свежие огурцы в холодильнике правильно";"https://expluataciya-holodilnika.ru/produkty/ogurczy/kak-hranit-svezhie-ogurtsy-v-holodilnike-pravilno/"
"21291";"post";"домашних,роллов,в,каков,суши,хранения,и,условиях,срок";"каков срок хранения роллов и суши в домашних условиях";"https://expluataciya-holodilnika.ru/voprosy-i-otvety-po-ekspluatatsii-holodilnika/kakov-srok-hraneniya-rollov-i-sushi-v-domashnih-usloviyah/"
